{
	"folders": {},
	"connections": {
		"mysql8-189d48fa14b-31c1a37cdb919958": {
			"provider": "mysql",
			"driver": "mysql8",
			"name": "dev",
			"save-password": true,
			"configuration": {
				"host": "localhost",
				"user": "Administrator",
				"password": "asd",
				"port": "3306",
				"database": "dev",
				"url": "jdbc:mysql://localhost:3306/dev",
				"configurationType": "MANUAL",
				"home": "mysql_client",
				"type": "dev",
				"auth-model": "native"
			}
		},
		"mysql8-189d48ff133-1f438c2446b59f48": {
			"provider": "mysql",
			"driver": "mysql8",
			"name": "stg",
			"save-password": true,
			"configuration": {
				"host": "staging",
				"user": "Administrator",
				"password": "asd",
				"port": "3306",
				"database": "stg",
				"url": "jdbc:mysql://staging:3306/stg",
				"configurationType": "MANUAL",
				"home": "mysql_client",
				"type": "dev",
				"auth-model": "native"
			}
		},
		"mysql8-189d4902899-53ecbafa26978494": {
			"provider": "mysql",
			"driver": "mysql8",
			"name": "prd",
			"save-password": true,
			"configuration": {
				"host": "production",
				"user": "Administrator",
				"password": "asd",
				"port": "3306",
				"database": "prd",
				"url": "jdbc:mysql://production:3306/prd",
				"configurationType": "MANUAL",
				"home": "mysql_client",
				"type": "dev",
				"auth-model": "native"
			}
		}
	},
	"connection-types": {
		"dev": {
			"name": "Development",
			"color": "255,255,255",
			"description": "Regular development database",
			"auto-commit": true,
			"confirm-execute": false,
			"confirm-data-change": false,
			"smart-commit": false,
			"smart-commit-recover": true,
			"auto-close-transactions": true,
			"close-transactions-period": 1800
		}
	}
}


